[
    {
        "id": 1,
        "title": "Shrimp and Chorizo Paella",
        "author": "author 1",
        "date": "September 14, 2016",
        "uri": "",
        "desc": "This impressive paella is a perfect party dish and a fun meal to cook together with your guests. Add 1 cup of frozen peas along with the mussels, if you like.",
        "status": 1
    },
    {
        "id": 2,
        "title": "Shrimp and Chorizo Paella",
        "author": "author 2",
        "date": "September 14, 2016",
        "uri": "",
        "desc": "This impressive paella is a perfect party dish and a fun meal to cook together with your guests. Add 1 cup of frozen peas along with the mussels, if you like.",
        "status": 1
    }
]